sleep_hours,work_intensity,stress_level,mood_score,daily_performance_score
7.745071229516849,7.798710873172004,3.649643450051237,2.184384884245218,58.04886373756165
6.792603548243223,6.849267365825538,4.710962658568964,4.279229978440997,59.66308090757045
7.971532807151039,5.119260739840349,3.415160158000077,5.172788933156712,65.55734775112433
9.284544784612038,3.706126444588852,4.384076940721919,9.775375314680382,80.78367636969728
6.648769937914996,6.39644662722718,1.2127706660924287,7.113106249067516,68.82079790122839
6.648794564576229,5.786970770843499,5.426587414745877,3.3290368618002173,54.436993014560706
9.368819223261088,6.790386440055465,5.002410950724449,6.972072578835274,65.48252763788246
8.151152093729364,6.270343603363939,3.3658227378636187,2.905392022123269,59.752665577289
6.295788421097572,7.09910543063867,6.31849133686481,8.165382107774146,65.40656055264091
7.8138400653789475,3.9295295768788643,6.875140275253116,5.057750696364243,57.080204776244976
6.304873460781307,7.634788131268651,1.7848802712620517,5.812727622521658,70.23362597426565
6.301405369644614,5.395199209384799,3.4745504428675718,8.65159329508438,65.82501522230666
7.362943407349051,9.150521745250531,3.4617153004254035,3.4256728628315,62.93755844575115
4.130079633013303,3.6216243638208643,3.120193797782271,3.2057636297740175,44.82802544639442
4.412623251230451,8.4719276063305,6.658949683863497,4.83280134730799,52.624235402611646
6.1565687061385415,5.395821566925296,4.612347722454393,8.076757702038634,64.3987665179574
5.480753319498364,3.6971639927711033,4.470970317378779,2.961307849046315,44.509055633569375
7.471370998892911,4.032228331891357,1.0,1.0,55.84760212002206
5.637963886718183,4.3593053836113596,6.2708360604184525,5.097682283182002,48.96215422530533
4.881544447997063,5.848331892803833,2.521483210293055,7.103481599821841,63.953025723006554
9.19847315338233,6.0456709760709995,5.119865260532657,8.400523499477659,86.1465640685069
6.661335549270197,3.852599992122842,5.554753875916384,5.073677275829202,50.17572538381188
7.101292307031886,4.951290815478035,7.7213171916773025,5.177146785767995,48.69364921378527
4.862877720679815,9.284540717223727,2.382359201761776,8.307801468511494,77.87336687257037
6.183425913212226,8.455086340201422,1.0,2.260516600609159,60.18906243563488
7.166383884564799,5.872647339348064,5.36769908950739,5.222958449633982,59.602987998399776
5.273509633866546,5.076006956336401,8.601022363021707,6.380847779850115,47.73084181562587
7.563547027518508,5.240062653436523,7.477892705878874,6.898437442570069,60.63348034684335
6.099041965121793,6.227035945460833,5.419318830549251,4.980386613618235,61.433514569358216
6.562459375310085,2.954414869603189,4.0167276287359055,6.068882023411683,60.28132848337243
6.097440081655905,4.48524692515331,6.614245193274621,1.023345293174021,40.824074780336005
9.778417276763406,1.662831852244821,3.0529076005910625,4.683503175332303,59.3427094125475
6.979754162893099,5.798446245210559,5.952715538712439,6.9070174251089345,60.013181743703875
5.41343360656615,6.294391879405482,6.010940318333254,4.035411931490641,43.51830972885126
8.233817368154783,4.033627075401252,7.12041981499776,6.117968443179195,57.21335541535454
5.168734525043467,8.147973526580065,10.0,6.893745001605396,56.79926400132441
7.313295392507133,2.5484686739953175,5.784831934357534,5.31490159828447,55.24149850183642
4.060494814180337,2.0712502395803596,3.9820727485850025,6.340927541993142,48.19633547009797
5.007720926652354,5.448903637119944,4.9488513756160115,4.074534869430775,49.86045504691081
7.295291853803685,7.094196605224309,1.4618481902217635,5.586777440607907,69.85087773679265
8.107699869993116,8.367855382915737,3.6105737378218836,7.220432339178445,79.00214939986621
7.257052421784956,4.0822314742621195,4.181435123773792,6.3139459219368685,65.34357926990734
6.826527576417639,7.157361666862592,3.951823204130815,4.826937460872129,58.50466542810876
6.548344456616067,4.922983060998585,5.304709744067444,6.448432808581586,61.31474066082236
4.782217014448859,4.654745400118361,3.355160135235599,7.429219581273236,63.663439215602885
5.920233687407937,6.767319874973345,7.242061334648943,1.900117442845044,43.56169526262243
6.309041843560319,6.304645756826839,5.000414129836394,8.318148129911796,70.99620662753954
8.585683339328373,1.8472156860315012,4.981399357722771,5.327490522637856,66.54241742655954
7.515427434352692,7.9530806994517915,4.344210566974164,6.85097986648046,72.44218155607713
4.355439766955899,7.760182708294903,5.310381367717958,8.394493847290455,65.87162247946078
7.486125954092192,3.748874596980941,6.650196529335269,3.256652605539068,47.11574012535553
6.422376579375525,5.791607066874818,3.2657395685781996,4.581117995144907,60.7486041992885
5.984616999541062,5.988060372565478,3.6837670218494867,5.422902608248591,62.22584236201609
7.917514433261302,5.521347531647814,4.3925479424466705,4.432492957751143,62.55028573354685
8.546499283743927,3.8993896923091595,2.30825815305357,9.469873151673617,75.99734253503641
8.396920178674298,3.656753264123897,3.361484280557004,4.286455812346414,62.073578973206
5.741173715166042,4.9488918580171095,4.047558252910682,4.888906441026267,59.67202184263497
6.5361814362231785,7.345458038518729,6.748778361425455,6.408778063205953,63.60237846287932
7.496895147105346,6.087200309188865,5.52512265800385,3.5957009478478223,59.637805893996344
8.463317690683539,4.258771335827788,5.387179822735089,5.2086385764874725,60.85039599979324
6.281238643232065,6.54339742129669,6.701795924335944,6.6349065225003505,62.79478472962385
6.721511535004274,1.0,4.725256423201206,5.334279191234978,51.668900810103956
5.340497538990958,7.297531400744207,5.780929699857779,5.8132262822001035,55.50384641015994
5.205690063878993,1.5205724424438007,4.793556494135007,4.9413357751032585,46.357050513162555
8.218788733591296,4.275118117193736,5.530724698799257,2.971059381638466,51.13036617054025
9.034360042856235,2.7606602107477123,3.8344826847768356,6.643186422678477,65.74793166891776
6.891984817629499,2.4106370485581885,1.0,9.509866143294483,75.02773857767542
8.505299346838036,7.321653574757039,4.731441675627392,6.0368032615668765,72.70658761174461
7.542454037571451,4.064597597376217,7.84549627219988,6.450528234495099,53.54607325215001
6.032320368092313,5.693007763461432,6.852430804483185,7.385445510233719,63.104295719455635
7.5420934082626205,4.906158842241632,6.930794969182341,3.4613390069066017,52.947258891759866
9.307054849698954,5.954081654446243,7.472261443612435,9.405029316259212,73.51715010700994
6.946260941335073,5.15364378212051,5.177315181922875,6.404657592845604,57.52965484160025
9.346965483721009,2.4340155516228608,5.394631414811191,9.263713798178218,72.49736784887806
4.0,6.99253363889428,3.7646962091312997,4.533934008952022,52.20034540994354
8.232853756562836,4.012486833677375,4.3678542879459,9.63612384511565,76.06838242000569
7.130570602357257,1.886836202680498,6.231542299542284,7.550310988069566,56.68195157863512
6.551488974301199,4.143769678068175,7.407768874337632,7.106080171704717,50.94457127685601
7.137641164803253,8.00151958126862,4.721107448638001,6.468048908706296,68.40261023753682
4.018646628098661,6.7004434842269855,4.099621470297177,5.5029427638511015,54.26388933775401
6.670492168243732,4.302695731184282,5.001055917713194,8.401063316947745,68.1338379093303
7.53566885726762,4.301484591363143,6.202413497858229,6.280719739696094,58.059040987636166
9.216841067112274,4.356729897565235,2.1122903677329163,2.0658605928256955,66.56357323771428
6.222594672589529,9.153495967121682,1.0,3.765627076585995,61.8132199728151
5.787259595660219,5.763870904463107,3.898926301016833,5.6283084956145055,63.83299904091795
6.247364434623195,5.8600832943821395,2.5585751481716827,6.61999796633111,66.53286451521053
8.373103176553112,7.060566908063684,3.983719604705378,5.8868230222002085,74.80717268041549
7.493126664489527,5.477578318053027,4.704439362365057,8.437941579587326,72.123827256512
6.205359694349442,4.481915708358594,4.093503181953973,2.0977962719227503,50.47570545229638
7.769901149670034,4.607300301830043,7.904935068941491,6.28717587301032,57.039365165396994
7.14561632402206,4.856797481171872,5.65348952920464,2.3640415492256905,46.60840309836045
8.452967485799334,4.925555526980316,5.600948719221657,7.519424590968336,74.31206239185637
5.946920359183972,6.4552590872739595,6.244414288086804,5.811082571115994,57.350738311642445
6.508506780103348,5.103891771614599,2.7223337644384618,6.839219944048236,67.71775123052373
6.411837770301764,6.465280154431158,7.078223574840537,4.272234078820468,56.23345377868627
4.804727577801822,4.838566839782835,4.8484714269290805,8.558929863315502,58.49056369262852
7.444180415596864,5.157270380632181,6.340961234482425,8.083449328117702,68.6827708674815
7.391582908269834,1.0035986309357847,2.856285533919689,7.167088606023775,60.59301244738924
7.0076701849636915,6.832655349404963,1.8924824679678713,5.740965506273119,69.99649609703009
6.64811929993728,5.692976951795986,6.6357793160500576,7.159714570590264,61.97711218219268
4.876943886924378,6.996020219719305,5.752819052195033,4.586214864025302,48.563329655707946
6.369032015851961,1.0,3.1958968912849794,7.711111318041424,57.636239885175584
6.485928225209846,9.176749409561456,3.2606738374506112,9.298961788647842,86.84420500134303
5.796584096167572,4.720820743689653,7.250869568829539,8.141221119958372,61.285841909295755
6.758071432500986,7.216365633475033,2.6211762142653443,4.5407950603851805,65.13502633277851
7.606076285221808,2.9201881457489383,8.285345906511926,6.722834634546206,55.45783430347201
9.829278851815795,6.225547810125139,3.1987585307042625,3.4137169124827045,68.04298759153937
7.261866719247759,2.8931688736526877,6.276783851216766,7.144780622351352,62.866663669041095
7.386325586084147,3.7524620786083895,4.3427630485020305,6.901206825725078,63.50153199676001
6.888331126350749,8.828062707733572,6.206374862164687,2.260367320935672,55.62298001999656
4.121843177051438,4.6186351984733065,3.911771995771615,3.6764323121752724,48.82882748966964
6.960229186826175,5.434865746359446,4.674414187855412,5.433722206512465,58.65096315077538
7.09034531491154,6.740135461377508,5.081838350791442,5.398280505718348,68.06747898788012
10.0,5.991363775945209,2.9956250884370546,3.5810461291623894,64.70613448828473
6.711458552828316,5.3008378102871525,6.4816486908402515,6.777957458704368,65.2607173650218
7.452321013500419,5.729922004932451,3.9735728670568298,6.502947217881024,66.59807308436007
6.947932345442135,9.80683117047655,4.542800169319963,5.611461736042961,69.66643895028449
5.246982943570702,4.884762405932829,3.0113012507829753,4.488416999683274,49.53273863036521
8.71423422177253,5.402198093429935,1.0,8.097414252833127,80.276151524449
8.127899549030161,7.1013087920152245,4.617944474799662,9.310814226176591,75.83335077976976
8.186547920564571,7.211051865915968,9.825230843225832,5.032877032306926,55.42215044114563
5.635918817807892,7.37406061112076,6.569208575796048,4.7756661656903585,54.347394550907914
9.10419146640415,6.277460444058369,4.961479240531211,6.982415330823993,77.46682301324142
4.8972234058115784,2.713990174539033,4.474218341583464,5.283941240506028,49.160497083318255
7.880285640700405,8.266863064602191,5.044931785624093,5.7212055986735315,70.95004497415188
10.0,2.707309213962624,6.09423823035042,7.479306303449343,65.21799505401239
5.514195512303967,5.605270930478066,2.6383743693823103,2.1812878249854144,48.61862515333997
6.150553405595842,3.4914482999612844,7.228643389337744,8.636604649705339,64.23786541990876
7.1494770476314615,4.871723306814015,6.430762630882488,6.145361048658683,56.97525249674231
6.244786518825701,5.657524820606961,6.436371451415869,5.17701371087564,59.32642771592957
4.674004853400801,5.642714430900546,5.876951477619454,5.8215316915571025,51.937176212713716
7.102844462209041,5.84384150847057,5.03923331538798,5.924858710041037,63.0671545795312
5.406544429410843,8.227422538117294,6.34572247193364,2.537597393110149,52.04170236436911
7.710388645952772,5.90706860302796,6.1836282674827565,8.989876454906472,76.70411003885324
5.620863648649295,4.511686729418702,4.2919185781179525,6.082651264541237,57.10553888499172
9.324901607526309,6.928174336576714,3.852796454206198,6.88600426089475,76.37972689857556
5.825120061495644,7.378940977849281,5.203712590523973,7.9030995411480855,67.28815556143812
6.516907725691486,2.544784369726015,8.098040302990375,3.9576750848793996,43.207522121595254
8.220275826054504,6.194800139699716,2.5217858486921982,6.946943798070457,78.95636271932389
5.1537035253490675,6.402345484621796,2.06494946849512,5.464717818202413,62.26112224211369
7.341189901906194,4.404872993280016,5.329521682473033,7.693541550432988,67.7350624277719
8.960714131423643,7.751413626623239,5.101775403712036,1.7455451592970093,65.35321165354407
4.588775148158159,4.699888825934947,5.346683328740816,5.801811399517462,52.3878760499879
7.276950787798456,5.2511529069430845,5.487906395817,4.794358688432077,59.072452832148485
7.389824191372635,4.65385635143226,4.55359549073039,6.864525901268311,60.45796944231523
8.172734307665966,5.031158095162935,7.979726877204165,6.940088374736404,53.98853263786348
5.144573933682877,2.8074498262095964,1.798192043046969,4.584748210355948,53.94900817659339
5.019315080373586,2.1198982348114113,3.343005950439508,4.575652271647913,47.784157589810484
7.782912348425347,8.189010126449944,4.793490479701905,5.778669262885341,68.26654487069308
7.445477009849779,3.3060773033633444,1.7136223776916655,4.206715545369583,61.361493578894915
7.375739275518815,3.0172153010873854,4.648291191135858,7.683967390904254,64.18112181933122
7.519672314245463,1.0,8.322940331456037,5.261585599105108,48.80987385434437
5.979962917632264,3.7220765046209956,5.041772976591924,1.0,40.46730355892517
7.348380545741505,2.3538204131850033,5.461401811437367,5.250355886756388,52.01267450562282
7.439608709948022,8.284030320272738,2.4796704696548395,3.9229123583120553,71.55143870019243
5.928472872960448,7.019634178685268,3.767277183921045,2.737448369078109,53.88718510731584
9.798661766717135,3.6236993096445524,4.249607239352126,3.525146723554855,63.61772087372375
7.710749381367681,9.504871610688618,4.364569806487532,6.21881694366594,72.85786630677438
5.2130447541960265,6.963530973983189,7.563287590007537,8.657281656496462,60.12983823419451
7.984830412950744,4.350337232982755,6.115382121450249,6.62636894772996,63.230101571895354
5.5379774946590175,1.0,2.777084086125936,4.786993223568521,49.29833775069396
8.180626905613678,9.581885145181484,5.49300955686401,6.911808390341405,78.0096402454955
8.737893368511106,2.220855066472808,5.99644349699357,5.081819379562017,56.057361962150665
5.7689765224724345,1.7092025060862164,7.2802980770425325,4.61079926167371,38.07110648987707
8.445064193866482,7.045140864019281,8.161081373136748,3.691274663534031,55.75892109701398
7.619171390404747,9.879504812678546,2.9698116163442627,2.4963423864965617,69.35326042215277
8.233090239991736,7.768545637021036,3.3782849775793236,5.22015258688111,70.81577499107559
9.845189473980922,6.12781824010472,2.4848442821707675,6.316106979840264,78.07771739815698
6.631917825995695,6.189508683330572,4.531960281786037,5.80675265997022,65.94102870431357
5.869395753463765,6.706831117560616,5.932716748892669,5.168066144105283,54.601587434267735
5.665728355561715,6.5178571795735305,6.974669033178204,4.108507878606438,46.4176914419914
5.776284572551843,5.562382847938752,4.848097952714954,7.216492383369937,61.831703260780735
6.884347435878844,5.208402207903752,4.360304953490312,3.36573616010683,53.416013947998806
7.511727962224966,4.874813744200956,5.303515984497481,7.552055827686951,63.60876458073445
7.415036198995028,3.4920708222666477,3.329714196739954,3.9955659621465505,56.52812259798096
8.240774873554036,4.438649846266452,9.179077443389547,4.49512952529393,52.73876571065247
7.0195028378168605,1.614086371609229,1.7846779457638826,3.066429618768646,52.23217913875879
9.180301115735976,4.8033207464105,5.369481157791449,4.997195706228727,65.44967415678734
6.603014750143066,3.022817785698165,9.04721243845928,7.950624916955958,58.692392241865925
10.0,2.792821365568458,5.013599689119996,7.031256176887913,68.78571701342129
7.938501021647509,5.359788302306957,4.619921929997011,7.95684422405607,72.81137319867342
5.714263665375576,7.784004572689199,4.285109154379145,7.044285091867872,65.46779001996127
5.393661252908331,6.836633212004626,4.639216636475185,3.7926603429392616,51.477021968932526
7.723708622864778,1.858998792753646,7.745696949353061,5.338421551344886,48.52565831971963
6.664805822011224,3.020743726859325,1.0,4.439601741765075,58.15017858218352
8.071000741138137,6.881542375976432,8.066867402592651,8.66114980807808,71.78357737139063
7.709856436860317,3.035025212923381,2.15208569509971,3.606422707147377,65.13042380205844
6.890756631014691,4.550733700005951,4.46669534153117,7.787395378778221,64.11862683079167
5.729809422897393,6.100104198049104,4.141511159402676,7.785907740217539,64.99161393057129
4.727729162971203,3.0633110902727294,6.177106539541439,9.659240403432175,58.324563584864165
6.330227571899468,5.21075101229192,1.8037512962325049,5.1806268147410055,64.71244167140205
8.284598191485209,2.331949010163591,5.9243453321638855,7.424644319160324,63.53075828613258
7.321140616195306,3.7972647120975727,9.048619246573704,10.0,68.00384922157045
5.131391831932018,5.639563868285074,2.273651990814379,4.764716646132607,51.07823019503589
7.259771388776773,1.8140125329366614,5.379412335220791,2.9299195049352806,40.38518187737362
7.577976069593255,5.880949475920798,3.676035644406782,2.2399799321844727,54.9915669289233
5.674213845698301,4.960724402146638,5.851774412386072,7.425424057722663,62.667650759403415
7.230587658918292,6.104979908834295,5.038295554831504,2.2336995838828324,48.792435739095374
7.087313077669,5.447828268129323,3.717026181911381,5.255361894124154,53.40027134710981
5.2855445532540655,7.728280859947688,5.975744569742148,6.874626374077922,63.51087666826684
7.536681040522425,5.250449005295814,8.608696219573487,6.370351073659828,58.21754847013182
7.841176789552351,4.141188917749494,4.618192416545402,6.850889728368345,62.15262562275076
8.624576864762915,5.244595006064568,6.439515884296364,6.444579711601708,62.45535956070407
8.580703078052355,6.086596058072776,2.4134540842576726,8.557731626626786,77.66420993712245
4.933495948064364,5.0977201406514085,3.0871272463639823,4.095367238522406,53.0438234653803
5.593262440127316,5.081183382407764,5.9448125557607545,4.646009723082937,49.262416446785736
7.77255290081299,3.5960166243864893,7.96823205707193,4.4546811094583525,51.7763282343407
7.770678926368313,3.6741981648981037,5.71122669757132,7.66038362372522,55.559030983998106
7.772571529459071,2.194789456400613,4.373883938953691,7.800797176790127,62.170029038628044
10.0,8.499153486373878,4.998582810846708,6.902450638637016,76.47895310816207
7.85633576603975,2.51227352921743,2.499184532060565,8.366987333779855,70.40088005851285
8.703348460270899,3.6141896044081854,6.209030652710734,3.6439182652472386,53.28024148590536
8.431002645239804,3.5631854688616054,6.764666124646818,9.334448223102275,72.4843597001631
7.977086876958697,6.789848753888883,4.095819334333839,9.046477243424516,71.76245026213583
6.527096133039482,4.410100643415944,4.059915704480997,7.471243994491493,65.01864305190078
8.138453830739902,7.495484145347468,5.531756459304097,9.56359781754212,81.97269503645697
5.840762178193643,3.653018751512263,4.126560527918809,2.6867535846444524,50.90673769675978
6.644772089889987,5.557988324447604,4.867734770748355,4.951103727474696,56.97671004361805
6.2719546782563445,3.3293058934804853,9.199443578333032,4.529393078636096,43.44802142379203
7.122811209079484,9.290298255546777,4.505948598508007,7.442958647514686,68.81804501565452
10.0,2.6248031619409744,4.283319695957555,3.899718520795709,54.33442245423515
4.199102211112378,5.619641420454055,3.7049163887296817,7.514990298674971,62.92144011396811
8.029390285561771,6.267553761864197,6.4883839429998735,8.741072287993427,72.52602188072363
4.5809261932155225,5.827598194902997,4.637551653563794,7.390405800167999,63.346058639768884
6.29210220131585,4.629424682244584,3.701253923357148,6.567502047323003,58.238404368726066
8.63342589545105,4.740358600533147,7.642608064546025,4.024253318198502,56.47728303262858
7.096420028643194,5.087622943958219,7.839206009027274,4.306298067749271,55.84253098090019
5.38338283310604,4.705995996743023,3.7991528685225897,8.499237810593334,66.6254247824914
5.927044436110048,6.927758233589819,1.2669200972787675,7.558698007810665,74.77454279241377
8.019396623402013,9.421046003182703,7.015027379673844,5.921960961244912,69.33889298266979
5.904450052424295,3.885016429984333,3.630740348479992,5.164180908468219,51.309057259692466
7.324687884372962,2.2603940408418444,6.581251198325537,1.9483842537772462,44.43994861532366
7.06835775985572,4.82343590329749,1.059792364576329,3.8582951626311224,60.749445332881976
6.022599478591275,10.0,6.785194676598619,9.822838174279447,77.88982360831804
10.0,3.3926508640605384,2.5776561414384376,3.4390888579950665,60.17879931700045
7.950878533477017,8.278233610888135,6.461528238133049,6.378959642442162,65.18796978773267
4.0,8.355401628152881,5.028546135672868,8.014887946390397,68.6262630338372
7.279681472154142,3.892823516584011,3.0921211612067103,3.490154663995415,55.359166932979925
6.007320302847418,6.137966158370551,4.185927374146439,6.3694209495621665,67.61722894687365
8.278650002194336,8.256793246257075,6.372636913913402,7.87583107502131,74.69797493286642
5.811218892350949,4.241744518025026,5.211788906230469,6.0249986438145005,50.3938513561258
6.827895337799651,4.592839279795276,6.168825960944968,10.0,72.71241546497758
7.757480918470685,3.8366381721027123,8.95288116903097,2.6628014822436095,42.32780445345072
8.298632791255182,2.9704865386142663,1.8715167765778973,8.117457059767759,76.80498939172548
5.199555389416336,3.701444909867986,8.234425149937248,5.654396525207071,45.2860936112752
6.498248146238577,2.552119466475487,5.208711875046426,7.54384030967335,54.42857217077709
6.287582033258566,5.068166936518452,3.2024319033537436,6.8826143033984915,65.8746536638431
6.020006151139432,3.4600535378827164,2.3393727485220204,4.533687605780007,62.048555800506556
9.648181360421646,5.467571823581496,4.621759218445933,6.45799278491868,75.0311845498433
7.607472566441434,1.8882087075927454,6.843300223848919,2.2841970972034256,42.17899822987907
5.108674068497432,5.661760464428914,4.744901759244931,7.2064950011427875,63.73406819298427
8.376792920582163,6.6670579232178495,8.022309860494694,6.596316931981051,65.68577398323276
10.0,1.0125287148570892,2.0976486198968822,7.277320337286205,73.75980266336263
8.54869789082672,5.748113139695144,4.975822104307891,8.1162366501743,70.3287090494
4.72094505106898,7.455337984946585,2.495213111173762,6.735239680419422,66.63254251447876
6.273648890700623,2.580717962617589,5.727263765249936,6.296178839596553,56.27781289803614
8.900366723779934,8.345144773675408,6.773774780194601,4.237863326677416,62.78510306673581
5.938495801571829,5.838038018732091,4.158476412637894,4.575558472701898,60.93210663666177
7.665729142219343,3.5899762884831823,1.0,8.373469240354662,75.50498287899377
8.161951080144005,4.8884618446845876,5.397896293592989,8.872670811411957,69.57391544710049
5.609604292632875,6.116653825043445,5.873477103467019,5.523779127375892,58.537589050778095
6.9107119659073,5.152010782824823,5.8085895099233955,6.092005494506548,59.138203444267745
4.0,6.077511984892738,7.471564383644308,4.190771250012467,44.754963049764015
5.463418537998566,3.1586528138412673,2.8578926407019023,8.34551369053489,62.91802503895092
6.62114777291026,5.3387216480721555,6.360432210900899,7.330833647383558,61.834052800878794
5.128325227052725,2.1725710061900396,7.385015024955949,9.882434872927497,57.70662140970224
9.448616955897453,4.7775478773026,1.4428248319869663,4.243353845640522,71.92605333430612
4.85478793305905,3.1921847170704205,5.639303651837954,5.243984201963565,42.32881192227851
6.339933269954525,3.528940114820467,3.991640337984657,6.462891845051145,56.25528225257101
7.196110865929137,7.472186350420875,4.836954653796708,7.292979075451541,74.44218257341419
9.161909933599173,7.182620241188538,5.695352967076673,5.568664724904735,69.75629542829739
4.846206773230841,6.218276241814354,4.025542871772895,4.254077819092599,51.90593373935658
8.74474562823244,2.815374470654842,3.6485838416767766,7.762815057847142,65.96378431690393
7.015349591529381,4.367183100610396,5.0683048349760496,7.442270725091163,60.837225554986325
5.527737023428074,7.426195399958367,2.8255081222743947,4.16745179887255,54.051030939160235
7.693155211394906,5.28343382727981,2.828349742229629,8.710885602210992,76.29833159999093
7.298589543360205,9.63865907996339,6.358746565913007,8.340397418393207,73.6382897571382
6.099674684261808,5.786635678788744,2.702411929682688,6.268592994495585,62.15025301159665
7.1047031274850285,5.3840982329800635,6.332625001818424,6.159195724752073,60.0576117139322
6.42202960470736,4.3817670715949975,5.925182585707902,7.108115542231815,60.72971927565504
7.170276017876872,5.267081809564565,1.5483865424188066,4.276593859487484,70.88391806479386
7.99319601178157,4.695060327238912,3.64487069532869,6.060062958328165,61.86544860317268
9.379025224218028,6.416217353377181,7.388218806094745,1.6952329107816393,57.558926088479815
5.143276751759727,6.913404633589169,3.0376689377206367,7.752911291005871,71.47052172847368
10.0,3.4280210789841012,4.071191475381225,2.877013555116281,58.31434245036965
4.071868300716247,2.337534092884444,5.924121786503793,9.006839656857998,53.963083571440734
6.772322357446625,1.3275892537934069,6.566781018565191,5.3397598120671,47.014345624575256
7.882475809726865,6.015982653825088,4.496922227911009,5.576666036137646,66.65621022766204
7.421487801602549,2.793266787652253,3.8049796106167166,4.7445321878309885,61.24559821801073
6.065950720269109,1.0,7.844739723397016,5.4239222521558474,44.098184668165906
6.687816624464087,5.7771572090619285,8.477799327595157,8.837062690296072,65.01498123664592
6.2604985980117505,9.985999034865582,6.957716101563591,1.0243826869298411,48.9223114021896
6.115952864583683,4.987858176920214,5.1706362851300485,8.553930772176376,60.80889982619596
8.274403145531537,6.676981548903283,3.3834685567181473,6.676046962203416,73.4231299988307
7.535523228947571,5.16365871709513,3.3391111868868695,3.585956704285569,63.11656613774374
5.960635607109019,4.8022206936177145,6.045028210531515,3.8493752139015243,45.194980845962995
8.349399813149876,6.838152965975537,5.836796441777367,9.352786054416406,73.78323156014615
7.460949281314914,4.419450911622698,7.803197185892859,4.108986240114538,50.74767676881438
8.21929317825844,5.534784628143806,6.300900185072278,3.6932989788080812,54.14173616409338
7.944443262885418,5.643395612392027,1.993839396480364,8.274629084729458,75.48968266635374
5.7565074836168915,3.6638190927139025,7.103895235445837,6.677105752571828,51.230975860102504
6.159728439704546,6.984084699073046,3.003878745371174,4.124148846927202,56.709351847263925
8.120940407684893,4.650080486609182,4.232057456095297,6.433249950809238,63.93227524785168
7.915555398150198,3.4885096810143104,5.500400412503389,3.9484946327194455,56.11341897894282
6.968647609053778,6.073019687140807,8.99133497956793,8.20164279684521,57.94446489836121
7.175991074963173,3.2030640364179255,10.0,8.122741929746267,50.32459729127604
8.916497343682638,5.056362314738257,6.2134461182723655,7.064012397643886,66.43855660588653
6.112642916746255,4.981762006711593,4.633606762559224,6.723322122494033,63.483065158490255
7.820646071755057,7.171791131663156,6.069011296961101,9.522376249734748,76.08492021708682
6.6967110213491585,5.949396465759905,6.775310851747673,5.999372654776451,57.30584181490554
6.67347819515917,4.949946082509713,4.358664748885617,3.6362517491583977,54.456759756920675
8.648165277980786,6.635532598400574,8.590422711824644,6.898947825664614,59.887113954910475
8.238124523482044,7.780415098034627,5.460141518382804,10.0,84.13175274754212
8.220264454000958,6.115620612703724,5.995486178182788,3.9704810136282958,60.694320949734156
8.958218210731493,5.0207052396867615,6.3318485041089225,5.277074466612029,61.77891683850456
7.031505762449139,2.376327535299681,5.843173221228911,6.8328920762029055,59.87039011540231
8.022929456942446,2.869772673849255,6.677881000939225,5.892190301988522,53.60116888984571
6.534599865109816,4.389550591290664,3.765493626906154,4.035392839245371,58.245727976767476
7.486249528732663,3.7809755956814337,3.8833964921079387,8.243715712460942,70.01718506858563
6.804785418448473,4.626057394029108,2.79969153405661,10.0,75.05080679802991
7.1454939474890775,5.113299849794214,5.879002461240453,6.392262918047814,61.40262133472805
7.89273553815537,6.059385508713461,6.557873007024228,4.191863420528,57.57726801541088
5.7726689751497915,4.859002443881818,5.915545732303771,2.90207894989305,48.631986714834305
10.0,5.9730032876524035,8.348984866695075,6.515951962442362,64.46156027895864
5.4909739277504475,5.12894882962024,4.988807962341907,8.207754686632516,60.79697246465345
5.1787170808184015,1.0490668672922574,6.337483311185025,6.950335492990764,49.999677790976854
8.737166310250101,3.1213292123624914,2.8165982477213714,5.995192318162292,65.70247725688868
8.187494040944404,4.7118248885567695,4.225800595051198,4.821456696421388,65.55250037148545
7.936179725578233,2.580610514317785,6.391075515131555,3.8156727345638206,54.55240443411635
7.94251826389642,6.199857459992409,6.698204221486288,7.669502652649764,67.11099101900705
6.981629840729628,8.061501664687395,4.412066104671635,7.8275432427711715,76.57646698762235
5.654118442771253,7.437523703394634,4.856801496283866,2.9085404266185337,49.692179396021224
7.113706837290589,4.573114258139584,1.9642525066383811,9.179677956361367,79.35480280786102
5.984257432731832,7.9814522736999045,4.285941598386781,7.148142441788003,69.46882218845165
8.462679600126627,5.297334914404223,6.780766327039572,8.799189290291586,73.33405158816781
6.779413927746792,4.325828057763921,6.1504100322131325,3.31574450302977,47.31781764043484
5.761754204811233,3.7731946729181205,6.001331442762419,3.268351689169122,40.85418112145705
6.51792123752051,4.395060627023743,5.09954737436192,5.702061380465406,58.86854240675236
7.6193971814134365,4.223646362917543,5.014126317256353,7.005568853790388,58.1448303652073
6.154413170794038,5.340832444750975,3.6793577210531057,9.592721645853928,71.4635915645792
5.766669406650353,5.3211479620997295,6.3976568404050695,7.4121578276302635,62.09655894462876
7.365530817237868,5.006092040306829,5.841945888778779,5.514637446375933,59.9941403366521
7.367449856663084,5.8738763394927,5.984037695985599,3.9472615846682158,61.65248650233298
6.239585236943306,7.381292549572683,3.9479303146648395,8.4600011454383,76.7893179668436
6.2934425415725155,6.899108270882648,1.0,4.07058914849857,62.863344256701865
7.348074906036454,2.030204063100193,7.194305423507391,9.256937109544644,62.02077596436531
4.8278734877540135,1.0,4.042325087983191,5.431230700786982,46.1922857487938
4.888804338435167,6.868639822478547,3.2744484719137588,9.181164145235702,65.40895577469104
5.922333668121346,2.266242603169158,6.386957823827988,7.357862580118557,51.054257295365296
6.6798292724322295,4.550469196214633,4.215974720161741,5.726009021115083,58.42765938531324
7.466361348397007,2.659773947881281,7.119872768093243,4.9612072563477465,45.67407278663453
9.213034325424328,1.3960391248399606,6.234011899153395,5.31818424530784,57.12405120739108
8.286489434803029,6.082925456409576,6.367138646400955,6.8566333847504755,66.7809546456515
6.7600922050548595,6.518310320605294,2.2680885775989315,6.154312992435433,63.68396583775274
6.971475688145967,3.846979198546561,7.423887970772801,4.81237718386259,51.54263965459557
5.496205953043287,1.0,5.522501062467712,5.668737179364736,47.93849331650888
6.972230296011415,3.9075111034950343,4.261445721507593,6.1571540594383,61.696865256477246
6.567012041619792,5.783608010805093,5.286776934684502,1.7425318111703758,47.33173070145948
7.484077840507134,2.0421768624517425,1.44752953420336,6.916336229577397,68.8631666824636
5.759153584671516,5.3667198395583116,5.817305622961341,4.040557550566387,52.13243631347725
7.779019771361758,4.969380301654009,2.941256983635857,3.69333519358851,62.004918330347934
9.299108369503866,6.158582999202177,2.294659428312931,2.6253113057785793,63.854816809701106
6.8368597773147135,5.239160736828307,1.9552816275642178,2.4122150042642194,57.37663212095778
7.602567583148412,3.0538621182368892,7.2253767499798505,3.2891049937754215,49.667558090302066
8.03521598756667,7.393143003328983,3.7414732126144226,4.5819580847390196,65.80970221209212
6.398169292171246,4.68294085394606,8.067455419833,9.906518275053136,71.02029838446413
7.336138722715625,4.945390920980136,3.9283970738954044,4.948240648209592,59.720592276824895
7.0188886011726925,3.133464081853608,1.5852840848141065,6.355500212536063,65.66538479103215
7.146514147823248,4.11343549761698,2.7669511201026817,6.800962773012658,64.66751577264007
5.8404853242168,3.2303945719461984,7.471623240013877,6.262130372431697,50.327852433318306
7.036765261388414,4.654107880153154,4.688203644126665,5.845113078548013,55.615960523386875
7.746997436868175,8.423416960284687,3.903425407018798,3.6094124728015107,63.89802883596799
9.176715411692562,2.2561977141372873,5.320036451705575,8.901855096558425,67.2807930343536
8.43890623912781,1.7728772042465177,6.00356547233509,9.614393287275771,68.97510238816336
10.0,7.942340654987217,7.234797631804922,2.6346826117546285,65.76769629451563
5.848978655667926,4.581352645696268,7.896998459785852,3.951942818227241,46.165638754890345
8.308480955081016,3.6618545226801666,4.280462708421829,5.440379315245988,55.33435476839105
7.2750130086075275,7.079809374792153,2.3479046278359235,4.070924410179617,72.65796420903226
10.0,3.788768920526272,4.173069677753448,7.011931106911731,74.68716307425868
5.787552571967273,8.652019427093872,5.520561013165772,4.543455595186774,56.88726556516258
5.740417236728836,6.355851742678539,3.0724821475787785,10.0,76.2962039823731
6.1009110318339665,4.024177183708595,3.0856981702099144,8.381097188687193,67.94999724263108
4.0,9.314616426531007,5.687575763099771,6.42514806126443,57.866885313330755
6.211367467478858,3.788570153993323,4.902695296859098,8.053972526639464,63.25808296126462
5.861301007669454,6.484190744018614,5.065593990823173,8.211800848714617,64.97492209667415
7.225590679714312,5.598585160812984,3.4830093305998613,4.872105023883513,61.66038800391876
7.512633963665739,7.603482578797596,4.539198571588465,4.36756551091607,62.06790385234705
9.814256258823828,8.123022393453706,3.151533711463391,6.156286125939295,75.31467705164052
8.425635757279075,5.064008298131533,6.780396822249574,7.7232722489958885,68.31704186636591
6.134644516506396,3.4931642593076333,7.070498669447505,6.278120797306835,53.6540479629432
5.652377992977463,5.919944285878233,1.3076242755238123,2.8460070356180056,58.06114262666093
7.737878757259758,3.6445692604957878,3.14097827961518,4.394351112098315,62.44225005379404
5.019650189469036,9.026774495053246,2.006941489819842,5.852054272811244,69.43607195781908
9.74718814878153,5.273070662165475,3.699952131186204,5.84866879134834,71.2335515385793
8.769160181081931,4.269356897375783,4.833124060419278,9.945084353579617,81.21034939285379
6.296236521842943,5.3693606117298165,2.10070956060294,3.228024115202004,53.32573004526277
4.430298206363684,2.305747420940607,3.1562803737493734,7.011178483671749,51.66380827871114
9.030808561248119,3.056771922978697,2.992085255837003,8.97822621665658,73.44653803088514
6.828190232121073,7.400827815888851,5.414534658797888,10.0,80.87702940391445
8.856724467960193,3.6862114420572087,5.138688674072501,5.191205153632078,65.1227274916247
4.608358511808449,2.906178034636121,3.556524893325493,6.982858905440399,56.34938862895807
6.1009374655693405,6.073305505054572,5.353641744278796,7.139520714397294,66.58134332374298
7.007865549577275,7.371408309325994,3.906639830825469,6.390963463106582,66.4081430620605
7.070470890647113,6.437906621330134,4.456689779347894,5.802309597521388,66.06944528017269
6.324901792781135,6.992095371611633,8.346904180597074,6.871950779000092,58.620043470729044
7.934274898521248,3.4864098228610785,7.680922103580696,1.0,42.79714635106938
5.398569355926108,2.1563786665163125,2.4008375261448047,7.364138980125262,59.25536950892446
6.7864307724680595,8.002667303910973,6.6594648357583495,6.2523558073239345,62.83184172481218
7.180443447567848,4.354640322315729,6.622793108983184,5.555050206443469,57.57992200803939
7.771658251088123,4.498333967089906,2.7034734224947634,10.0,82.97781288057881
8.067422317133335,7.656388283698115,6.637555287509722,4.650131962418896,60.77821003521349
5.313036862243196,6.11246001880132,8.075863836825105,5.193848021869939,49.21410970754677
4.698828743896566,5.911775544163215,2.7549103875111722,9.983106604409468,68.1193524726835
8.916515232847765,9.330004689802168,3.164994357971473,4.335877390300286,65.68422593301256
7.498471017969387,3.712963539239714,7.035322933687005,4.899769434126922,53.58120699645576
5.87727019516517,6.855680256162474,5.542990621651296,5.7059491531383,61.14057077747583
9.326727963283783,5.114026249794169,6.1029525504790465,7.681468964259098,73.10112751727989
7.173511951439288,5.537184557726514,5.681178432800993,6.415605014706626,56.74203450532549
8.76894577609574,8.056936852825064,5.781391841856288,3.4147493056954747,62.90199769709607
7.101277722115164,6.015671512579248,2.347055743377834,4.9356628737456205,58.51510182578595
10.0,6.076592158099266,7.094635413242896,4.785291133575577,70.14937779834555
9.633011263664807,7.145014674619604,7.339179984855547,5.845557909553909,65.49746157078559
6.62655377728139,4.270094540914229,4.541218511863945,6.851687317259659,65.99943807916321
8.457356426431533,3.3215806653219873,4.913046100372275,6.836411511775944,68.61604208232254
7.968063924377722,2.910381611957933,1.9377849948885557,2.4479764919031957,53.3344671406565
9.052947336298523,1.0672868212479965,6.0285095120356695,8.127881975121712,60.976661444657225
5.552614809129843,9.112414259880644,6.144114883428288,6.505137691993247,65.0812245623321
8.02907718999766,2.7935832685566337,4.875617966001378,8.769064095187812,65.99773379641944
8.587636730274381,4.557492752828456,7.248706719741005,6.888396654581344,64.23569833909748
4.361890770365329,4.446373400222159,4.331845538040119,8.202645915471525,57.9431956265006
5.225112231001337,5.614813395618201,6.1292118517872005,6.933090622900254,52.09451448444699
4.0,6.6314744250785935,2.960671322615769,8.692451512405496,59.30785121854852
6.595889748333163,6.720946976719491,4.952895698251524,7.044501272035557,67.41139772683997
8.076313383693943,3.8338451228621233,4.651291484194329,5.804169507114192,60.938214489074035
9.253535578144042,4.665756572427177,5.4506158440818835,10.0,77.08307922551766
7.1111421706296625,5.5651599009765995,4.260946142333283,7.778074244559784,72.06968005068656
9.442923318356938,4.502617747632906,4.737054808656664,7.147488842008826,76.70079831557855
4.929847812677663,8.214691152039986,6.652094342883013,3.447391166923328,49.22019144928988
4.4449263409672675,5.981949903276503,4.126471525523565,3.4233847650729246,47.96651336911318
6.916678451655072,6.4697555720996345,1.7868457985226414,6.585430964283707,73.98266615093799
7.576098173408961,6.325762537334826,8.499167808410842,6.291042395536482,55.72409835003611
6.95095787785886,7.34694771497065,7.7629081573809735,4.771754869983368,57.28532008707495
4.0,5.3620431174074135,2.4154746097887627,6.28196539922412,59.674832768612276
6.8663199407308175,2.406336104088307,6.379415610490389,9.17725385608719,64.59814819911618
5.04329574924272,5.799375903505283,3.9940504588973136,7.390804949100597,56.532591640646864
8.004508823245057,3.697286212416342,5.526974430662119,3.7179829804945235,52.11389920328293
7.549897369145272,3.9427666365004863,5.588448258026988,5.776982345714113,56.60598967486774
5.590180320508967,6.172728037510186,4.531184399367356,4.3900670382948785,55.362347538448915
6.22919962399496,7.476566142867272,3.432468668827207,5.224600167182878,66.07702029447871
5.411179717166572,5.042543153472123,3.618917895367481,5.172768668740715,60.62375679958964
6.905981354090242,5.617666025197927,3.1676161690375153,5.044708834791989,61.49368233341533
8.432713480751858,8.404429889270476,3.3363555835391105,3.4897292560532103,67.00486199641658
5.5214109304966845,5.4815063589771365,4.865643419901289,5.74469063696362,60.1396220693809
7.756069773276766,10.0,3.5684800217784964,4.87878472630538,74.44069986241479
6.204613572441339,6.1310192912630885,6.36410413142524,1.0,45.95500905926678
5.810690751606484,1.4784744816883646,7.974492310671854,10.0,57.19081348552119
6.839454460068163,6.506683242209065,3.839893517259914,8.177539308433344,68.46032088756873
5.447136516370939,5.7623167697655555,5.478809001070754,5.247398550150008,50.83580226998324
6.169526041979227,7.579505508165491,5.999370220605868,6.037638099481197,57.04112988154014
5.203183161116727,6.346362702539917,5.944004541838549,3.6566913053648764,50.74469150974345
9.947087699374585,4.723088032032452,5.151910535832175,9.391445755621731,85.25618756850587
7.052895327957593,2.5514035274212685,6.4853648367194445,9.794577389546223,71.03824190022468
5.950411738011121,4.58195348542795,5.9644979053613145,6.313387456493049,58.37088650345555
7.320969866101333,3.2989590915813998,2.5246751553454043,8.047061288370688,74.1683259513904
6.831507925463756,3.8389531003905546,6.738312128778547,6.350573557867848,54.39993377475962
6.668545600700165,6.177156808841219,6.774581674533485,3.3265491222481387,48.06365460644082
7.9212500500651375,8.339809008702812,3.4734277916428367,5.176353262072685,74.71207786048711
8.136261565070958,5.7893430596459625,5.075875670895204,6.263855933543914,68.74569249072786
6.204248278584209,2.6082338759296313,6.366657985622139,5.090904562513112,48.696905572502146
6.13627263903298,5.889205336440281,4.581372360841277,5.562693445129928,60.915415439328996
6.587422454272534,7.393262973291302,7.145956095532023,5.817200884981771,60.8723011216163
4.0,3.780434191361236,9.727744989238722,5.838243004269078,41.45389494961819
4.727213406702171,4.7319656666541645,3.4280279347300353,6.104516980994966,60.34871616419569
9.050311401166788,5.0293763894583945,2.2379107936924503,3.878789867206798,69.22067445653926
9.467451570251924,3.43020337383552,5.607637191209752,4.565967701744127,63.47672817818448
6.626445940665432,6.2965608676877185,6.443125010252287,3.4308314686000614,53.426331411138904
7.864835444583649,4.758103702784437,4.538267252310462,7.9556310993724,68.89653797552829
7.466875231815304,5.839064887814056,7.906521326642069,1.788706116319351,47.86545758601942
10.0,3.2250156443958,2.3227884005535024,8.307180686633851,74.47721284416352
8.679362367151866,4.125083399353179,6.385837246063222,8.772698794525686,74.45476794710632
6.80812361277885,6.444762715655543,3.7882783584822133,5.395638826034757,60.3595923533406
5.566689339099361,4.254333695816466,8.438755812414593,1.0,33.66103153580283
4.590330519613641,8.45392770246681,8.985030706336236,5.277378876065419,47.95514579274277
7.305195453800835,4.200727628770795,3.466686824433304,5.871631677422362,65.18880170244394
5.865473882073545,5.449369451503772,3.90088572818284,3.978803560142173,54.49236738281066
4.866619435603489,6.8651816637461796,6.719175773959604,4.969563212383514,47.322428062769205
6.03014067363621,2.1632685341339366,4.225738700420971,9.060390397726703,64.48519978726328
5.3776779945784074,1.4783823760384482,4.909177564135524,7.329854324603482,51.52052801157188
9.530712452608848,1.9486873708598105,5.05077684108482,4.1508717712438,60.57357340125587
8.322459635424176,7.525168206854364,1.1606536876046873,2.8048016608091357,68.88953214018638
6.988041038025074,3.8962837082151065,4.972324507811526,5.345965364780458,58.3097790753475
9.21991620833504,10.0,3.6205444518716523,5.5730864412991235,76.37083552918241
7.116052461471427,3.871504802685223,4.013754355200456,6.9923983747266325,62.5148418439873
5.708073698007604,5.369102606394074,7.887264006937628,4.929366574864682,47.66009967477346
9.284686115904485,8.08421990513575,2.4869862114414873,7.022999150723723,86.7768328275755
7.8083650655269885,9.012185776318246,6.626410373495954,9.87030808012046,87.1542832544681
5.444130768510315,9.123007153272795,4.442074139336383,7.631002044888525,67.56769065849576
6.714491982874588,7.416732461186285,4.440479663008331,5.903822985338455,69.60166936688786
5.686572619922864,7.048125051622925,6.580743792103423,5.633699057893411,50.63018320840158
4.925800403553496,6.185053898402366,5.680102589137781,5.286653731640257,50.1073286903714
8.389266321297463,6.5567221523332755,6.141225994439062,8.361281824904289,70.33737636150514
9.864124960705196,3.897628567342933,6.9363693210657225,4.745373108097394,56.91126178217848
4.902148639271289,3.363602233155386,4.337383233633354,6.090445417999965,48.49434341323515
7.844453855035856,4.993251085178096,3.775526530984499,6.102395803762171,68.27210774921325
6.024036146317259,4.659630754950143,2.829698946884404,4.996431614376936,58.10067687031654
6.269311924352956,4.093543901345449,3.3491789400420897,3.2550689042317984,53.14097379316564
6.111409113641696,6.392774894913431,10.0,6.645949007235337,54.927784619559766
5.704013845480276,6.910610417141021,7.4893591614735735,5.877992056289233,56.22681062900655
7.072782441917241,5.176813772583695,2.2978512675839573,7.00048093887314,72.64850812170008
5.753574825383444,7.955060162110524,2.3550840865128597,4.932799387121666,64.95033800552908
7.405685238669758,2.71662177173299,5.963732123436983,8.441642597626096,59.74665168708517
6.924642835826295,4.612681081440564,6.094529594755934,4.246452437576311,55.653489755025404
6.641577929700386,3.5663553587943904,6.097767670634729,9.424080568035786,63.42314489693768
5.638654506937604,1.26692676585388,4.490088412892605,2.504726980343477,37.9985714737627
6.134843004147501,4.834638628314601,4.7490914799942,6.8695401291137825,60.68450298123441
8.133086838738635,4.756504983233433,5.655759048318715,6.950861365053247,63.144587665926174
7.751375781436571,8.026899486484261,5.171786012586661,4.408885864118235,63.422855256686695
5.533667132802173,6.2616233691095555,1.0,6.848787875722025,70.71101577361678
7.148998458143839,2.95162635134159,4.540400738849613,8.559037339520318,67.48482578569352
8.127080685057683,8.708185132668376,3.297187131479373,1.5663623212918711,59.800634203938856
4.495892078317942,7.442067391050706,5.350422837817024,7.005489614981629,58.71841151822884
7.815040288569903,6.164195406937232,10.0,1.013458359339845,43.64378476174276
6.00606436158123,4.547031802300336,5.7349633309486086,4.0686703929535835,51.08764895484766
7.855898002889739,3.0811215265530407,4.372940627655204,9.25833272980189,78.7833537727507
5.855111265186225,4.255586447857894,6.843603003954504,4.836435933215892,51.732793726486356
4.292676849003222,7.177497239408372,5.965375774418425,3.652240071182055,50.4184462715334
4.558686343175256,8.769172611869218,5.840188980903682,5.604124542030636,53.85044458964051
7.072127419992073,8.086487056544378,6.213701186431342,10.0,80.27238832958298
7.389583752582222,4.022301156427452,9.113087129659082,2.3366355055879477,41.35018926773376
5.643525062343388,2.7607651334219776,2.7382231293481687,3.897380176721311,49.15639648249144
7.957888688166061,5.281772493822408,5.947264153622909,8.994863366359253,72.78626895082024
4.50771990659656,1.4631212688742967,3.147237740036923,9.715404687075464,63.6773327385491
6.900880302029025,5.646335428369563,6.111025292684497,5.7931375514194325,60.941763475005914
5.183475700356315,4.7047948274026625,3.162626977027811,3.521894594946715,48.69131419303117
6.022245838296762,4.067926996263515,4.165266372789831,10.0,72.47360596022514
7.071098006974621,1.810593865466409,4.409820171524188,9.188884783498393,63.8364492148599
5.709379952074071,6.027200213139433,6.951633438689418,7.3578939755244654,59.89807161546436
6.423166683655262,3.9345983206761774,6.836908887884828,4.37519530212516,47.99238488430274
8.509439213821661,2.660166328579424,2.508565247107231,5.901941318323926,65.64747399921067
6.134662195715277,1.0,5.109868221999697,5.679279837910339,51.15450080896021
8.253538168097712,4.9449701898987275,3.580840290501655,6.661702609231155,66.57277292083097
5.305439718013573,8.544503193339487,2.482990178649331,8.902002876262673,83.95555034134924
7.794706266872924,8.32251842909574,4.5659658991512595,7.758834082274806,69.78154404692263
9.16235293098685,4.0858074868274565,4.38303442308836,3.8452478460304835,59.645161948387845
4.0,3.7955758792764387,9.853432972691046,8.752992900039075,48.355417897461436
5.804657116794285,5.937548512150047,5.865919650721392,6.6262642800263105,61.10547073870996
7.86560819077081,3.0032291216234173,2.2447649984915254,7.374131591717832,69.507065260911
6.695431920935511,5.6035837996389315,3.8704519916581157,8.933081718557206,72.375333939688
7.556718810056963,6.53216055676938,7.042766590858797,3.7768395009728977,56.63761214412418
6.094022219926269,7.453866447768615,9.17688554573985,5.9283488425870745,54.020990474328265
7.12988468120935,4.799691847040094,1.8280333755240834,4.9370908972815695,69.01533537979783
6.766484146911881,4.592652499646068,1.24015122972191,2.8642811492690883,60.28072767809175
8.75167309248971,3.244034826486878,8.741930350743564,6.69341995520984,60.79910632092497
7.381631264951819,3.3462392919202797,5.779228354741807,10.0,66.37049704385106
7.506403993112803,4.547042216196947,3.263414536247267,2.3198445109884944,54.33161100984833
6.382184550816299,5.734731013632356,6.06925817224487,5.93543877790106,57.53368152997035
6.26859066389126,6.827169252466499,1.0,7.281085870149547,70.65241828332661
6.351162718270569,3.3936420986393103,5.006751013194322,6.246156403312362,57.70354938325037
7.591678213567445,7.985377137919043,5.655642345686171,5.773743894968519,65.47748575296549
6.368523278769605,4.457752797914862,6.848540279075659,3.4015672731083515,48.180317612910564
7.434662285344619,4.957265411303128,2.9722080954149246,6.465573485880327,64.50241618100249
10.0,3.5055766417043532,5.171374322806718,4.4864720459681475,68.91576917159512
8.306687055147538,1.0,3.1491507478808254,1.6201565900428934,46.08867216169767
6.510964701748239,6.7680907927220995,5.510767511348634,8.389184441027462,70.14623474830164
8.801820883245917,6.473687794184867,3.2093073552739515,7.916771639684085,82.77081042452798
6.387886940467673,4.437344885763573,4.183798321679559,6.103321953702159,58.39495520349992
4.0,5.133981434449744,3.008369210419542,6.458149376411405,59.386794235624066
5.487870533623894,6.031878435408199,6.3022724836473145,8.148636025431124,58.3753823504986
4.193812118461216,1.8749082862269146,6.716902233313331,6.448679313556165,46.81004796873812
6.4727297739380365,3.9418946453074106,4.5307588600851725,7.808035109522629,63.86729463260572
7.027627568784328,6.588529359243655,5.076475989920056,5.4050355982523,60.79594349096948
9.514655968412924,2.491421153661501,2.1028171707329117,8.623967477147893,77.19236684269138
7.490391060646244,5.587115864333258,4.400646703986426,6.641571451865368,69.98624580414777
6.6713492067867035,2.28683639075319,4.8995907659165105,6.388103887211748,54.53499706128699
8.244108371775233,5.932859964867053,10.0,3.459877822575936,47.862597305459516
4.0,4.9287170354050325,2.7760659484516728,6.573911708603418,56.7249995657409
7.353421837162849,1.769736368188981,7.928354477504875,4.336090165011098,42.5423624124842
8.15629779083045,7.329478708914342,6.993717546931616,4.723434546943012,67.67585534339403
4.782120631330238,3.5308168464039014,5.561272808980273,4.369248743367757,43.713210040585984
8.715631064810394,3.3794951259712382,8.517240968390267,3.86753013620155,52.47401178737041
7.5077446112416215,5.401138394461886,5.744210945213726,10.0,75.11826711678466
6.377068129148798,7.29727469885743,5.778318391335858,8.662678123976807,66.82304825661453
7.949172799159427,2.968356362043206,4.89375869396491,9.840735004288522,72.14715584871597
10.0,5.123359699695944,7.4471377648372545,3.554209960888872,61.67487289086073
7.272799382587743,5.857633000661146,7.192938467621767,6.142507499821785,59.43479615841183
7.372330879450504,6.386211214526288,3.748645425007575,3.4129847495918084,63.67314177293754
6.310958650689634,5.35288311055445,2.3615056108024652,4.608610245605872,63.95282562749503
5.725233445802813,4.265944321833356,4.594038725208685,4.16374603316685,53.25867944007614
8.245503724816368,3.344819558702561,3.399922871204707,8.479168012883123,71.13887626379659
5.715874261136699,5.172287766092749,4.87295085076929,5.20754064379648,52.28983805639112
7.107349355829089,2.855721976028786,7.474876269368279,8.136758667388033,57.057247526510466
6.283513829852325,1.0,4.08539668982642,7.208241779177036,56.95236748271718
7.7184697386195875,5.873119608315336,4.91435323737685,10.0,79.76466655446049
7.500493157930422,6.807869682172391,5.1160454696167905,3.041111553720552,51.264422455888
8.556309916386848,1.0,6.696861764410569,8.518466479573597,62.657281091752495
6.23497540171788,2.980538590580125,1.0,8.292881740801455,70.17330584180762
6.595187597059943,6.238308522010396,3.7865994104694067,4.0532423239459305,58.227694625479685
5.5318544263265395,9.114990939423397,5.4225673845589455,8.01426667294632,74.37804380027926
6.333560109885832,5.041587415350816,7.4001579128537225,6.672289926052458,57.601260169700666
7.5659507395672785,3.543994117541731,4.01619510498759,5.545047480093184,64.9008034708237
8.135482924968027,4.63420711779032,1.2468945879162519,4.352129026056001,66.2263683948111
5.616752013733562,7.74975283829637,6.239422891932272,4.561781097101628,58.02665892003557
8.30440888015849,3.708071641750929,3.7292752223487415,10.0,83.98619814717074
9.033456788207427,3.401615986699493,2.6206666818192774,6.001365637914965,74.24729535686664
7.620152354835551,4.034512955635935,3.751309220573552,7.564260003062918,64.9103898757309
9.815193718837099,3.0933427834825755,4.630949284688301,4.418201236664894,62.098933657022094
5.839316201344641,5.245340631989591,3.7905106709235747,4.440294107556722,54.733733384396096
5.133017945032874,8.24935691693912,1.0,8.163969618499884,77.96231270808111
4.331919626643582,5.6461585462320585,6.794132393774264,3.3008475768969356,43.48925942927576
9.244066467233775,4.495292995747425,7.549750082557445,5.169572464189457,57.68773085989065
7.9815484845310865,4.416377462168912,6.303043982679012,6.068054822144464,61.24302259368247
6.916622993634317,1.873618382606686,2.724628659150367,6.2227452036801045,53.9596589901277
7.419952939479731,6.766219554294318,4.597016932104964,5.641813429967687,70.75522581269243
5.311766429052435,4.8443256059743955,4.986957369541084,6.791639562191846,56.31489587676184
10.0,4.639040172818749,6.19758877912382,7.385711511635623,72.57552373686255
7.193831772962842,10.0,6.336680977436162,7.46927509091866,72.57262811884382
7.164092191907339,5.597505816731372,3.5316524024430085,4.028392382664347,63.5408432024821
8.088649935848037,3.4964178998096314,5.163991112827121,5.4316898041424055,51.420623700930335
7.7215138476050695,4.147284807588913,5.914560809230482,8.389525723753875,67.31645072475928
7.335826036418697,7.29689141839351,7.911644644293533,7.789294375147745,66.2388005958446
5.814288316832032,5.226540821075529,6.409013079649446,3.254281097037872,45.71783018062396
7.707202535703994,2.1234440433652666,6.578113374751037,6.702959800704403,61.80048589843667
9.82303674471255,6.838457869150407,5.167653255858722,2.0435495012503795,59.455421774386195
9.018130069232466,3.663711828922012,7.820918290407008,6.0938698041207395,62.34408482369086
9.389779939959094,8.74659555243509,5.819525591918994,9.795534033491954,88.08151445596397
6.233176485353223,7.160096131429297,3.277824179652859,4.104214565462027,64.69289509514387
5.5155927696121285,4.1053562086824975,7.806739940250381,4.331353909016836,42.509568004050685
6.8113196198505275,7.562032723470226,6.395806545078055,7.528059563145719,65.14282419131808
7.083587368433042,5.1357110210548065,4.113911957743035,2.914396969580708,57.37998840587286
8.641287277706423,6.705547350244439,4.041014065201513,4.734489940229922,69.79008275653204
4.461303055427771,5.96946563458895,5.593151090281523,7.192882275163505,52.78358869339337
9.29432547919092,3.3072866900182527,5.926369590535169,4.731428304621193,58.32098230878868
6.762988152131516,3.712900335365076,5.394584531262413,5.528060025578057,56.841419679495836
6.35967839507887,7.059921635162322,5.62261734688577,7.488371420630069,69.32583587247386
5.481843437109749,4.330449335786918,8.39991474915276,6.843092167073123,48.94255866595719
4.517714992201346,4.1927030735160065,7.143086304469771,6.533636792590804,41.654355247259495
8.234755875942872,3.089754841301294,5.381271182530049,5.321755441459922,60.37051804201162
7.109976950782606,5.847198131186922,6.882621161534967,6.740122230537911,58.07563600364785
5.065058650388419,9.12504983848629,2.934952192944921,5.752534639800487,59.811525246710595
5.057381841904576,2.8649341714914542,5.795854099893618,6.915611219851569,44.41529070818186
6.4963229510648075,5.0484389133455165,8.61861269946622,5.006135949764044,51.548394245486335
9.503532287934089,7.8244411108308585,4.563908209215253,5.634862051240917,75.58707776403067
6.610612972954593,4.84071721750857,3.3047321427618304,4.0200844148959725,56.522588285527036
4.7452855703228405,5.904743592499468,3.6958222228138786,5.929984779987528,62.05535144731807
6.631385403871084,2.8752129437062406,2.8207339253152233,4.37799827274231,57.11128952088705
6.590914645378494,5.856614194415297,3.4304761837445934,3.7719070996760133,62.83611218948535
4.0,4.625711469990902,4.258983802819942,6.517322295710776,49.884918413075994
6.918557700223282,6.971459991359726,2.188865961642716,6.425479551715321,71.77927020052778
6.653598204686983,7.374772103129502,5.031236667899206,7.565747469897145,63.93980444212993
8.044309547220127,10.0,6.804554347573294,5.137748860849802,67.83150943296083
9.773434142418019,6.1592663464271515,3.184487639706159,6.816105693673512,77.99425416457765
8.689847544321637,5.6515926331643325,8.038567847283538,7.101595144547327,67.54905895239351
6.596666964167754,5.388768603154672,6.021584177055189,6.889547615663189,61.53176424508045
5.340211136887494,4.293667414378623,7.061161171248115,4.348692634395716,46.72417897604837
10.0,5.6769676869233825,3.684330892295726,6.298726964542378,78.89541484064534
7.088827651021733,4.409197179721941,6.709050454133232,6.728280592109323,65.59471848279547
7.0208939378694195,5.336921952539228,2.816132199209374,6.0143569338158835,65.43946373156803
6.963812369334995,7.63519507121592,6.780495001673017,1.8270446832578306,48.03171233710693
7.297127141151782,2.9869148694407177,5.343678679587063,6.32097924794696,59.29386209872334
6.783459382114087,7.279757122258091,6.106502439969567,10.0,71.95117369440993
6.139506989679646,7.634230134679731,2.6488107887502967,5.279921462486034,71.18652028805528
6.179711588139412,4.763862946017842,3.2098603154467904,4.543845804289358,56.52661527354099
6.950870094676002,1.0,6.194456436506769,6.746697119422796,51.521381435333964
6.184862843299353,3.7843560258111353,3.1033039915515985,6.624756420933143,60.394978075399266
5.930731325984254,7.593989093122218,5.926412584198246,8.38547033083283,70.71265110720114
7.159645341537845,4.954263875402236,2.2657243870795085,3.4842636881822244,59.22451640861708
6.617534173868717,3.0013955354101785,6.696348425333336,7.462760505149985,55.22624947335796
9.255989482874032,3.990450157543565,2.534953370462982,7.180844122502927,81.57744242398903
4.0,6.681240053009106,6.104599875359046,5.715706926118908,49.42337215642147
8.637260277883692,6.093467136402759,6.251261867292001,6.67737463584338,68.62922900533313
8.869127788746443,4.522135801660611,3.6064563631408504,8.058914963196715,78.03666262066528
4.0,4.266351176370625,6.164053134169453,7.744630760056901,48.46739541908316
6.485968608879476,4.216483701912356,5.520884526667112,3.7139613758525427,51.35730255522517
6.442838701006313,3.155179631002995,3.9223162876145237,7.640316373510969,59.54645341776617
4.888732457923268,8.230751378938884,2.982890631847584,5.870622789934963,67.05286369985465
5.833274968613687,4.35535906157732,1.074748616654842,6.145748196031031,61.340923115070495
5.334136231801256,7.434317041650993,5.699300094599387,6.146393982003389,61.75722768911505
9.628405665135434,8.042632103844902,1.8703944572758897,5.69951402240348,86.04605731222377
8.403517589721192,6.996621796295921,5.1906883988826165,8.38341499421413,80.08062645007531
8.907332642491237,4.136759374563903,4.473103567835501,5.832564080301576,67.3519429870761
8.082508096064853,5.807460180673219,6.358285550876391,3.7609077432336626,56.462138659264525
5.306422343174156,4.951608787218167,4.3959090010202715,5.212940288060542,52.8693299692937
6.21321960058034,3.1925962785397437,4.341104427305817,6.357389433620951,61.714070485466834
7.734061841841877,5.6487185634432056,6.463741408576591,8.4584295685941,67.0938131867923
5.166808286662082,2.641920417680395,5.670116058168235,7.206189369897667,50.047801165900005
8.069497645258583,7.375358776923127,5.632311914365556,4.298929442505912,65.38647502014669
6.639511902762798,4.070765405403214,5.938535179617053,10.0,65.67353151503113
6.437768788675604,5.4023193117456785,1.9288557535857884,6.529550621955959,64.76483900967702
8.066439952305238,5.566575743092284,6.513577359973964,8.55078147599803,65.54719679329396
7.66639496722906,4.482190052591846,6.224937588027204,5.696571132845541,57.73044824072806
6.45855075127138,6.17338760295055,2.9666337428470055,7.066718489410899,68.85621089830147
8.738994705046371,4.050192686754951,4.511839052651597,7.67893700903681,72.1094359282969
5.378405008600154,6.742594594914488,4.921385424744738,8.436389423508512,70.06075251827184
7.923903410416395,2.308040639506503,4.731006431196534,8.11473661075645,67.64771569920907
7.889651886952576,5.2527591590928235,5.66771993313707,7.744394000145956,68.04643395905562
6.535680341029015,8.87785799811657,7.862733563662367,5.369826537611782,59.33148255670625
7.489199533363177,2.9993373507888506,7.163533455345657,4.856507916087877,52.511263959091664
5.123329635422046,3.644510058950297,2.3755616131371875,6.665215020648395,63.404285963815134
8.386040528810351,6.02781569931783,6.244139980612097,7.866256144682138,71.56875899401538
6.722646795335517,5.359163563879196,7.65786663907082,5.554558598446786,53.19729496697306
6.215915469221441,5.701260198547119,5.773617041378405,8.130343931428772,61.740907904029854
8.573513838755334,5.978374260295327,7.181960850371934,8.905233490972359,67.62007968780884
5.943484464185861,6.269442937123539,9.02454089140153,4.16735816185316,48.36268086944813
4.88730805545466,7.219399683912446,7.047419092213962,4.32615859240744,51.04723964047394
4.665056239714144,5.819637313857025,5.498617191283458,5.719249882189327,54.890093907001216
7.909014927018459,4.517484690762915,7.090176948169507,6.615225336378392,60.670853656171076
5.079355971255575,6.345147402405463,5.2897756661937825,4.950865972465898,57.685832160738244
9.632191272976547,8.799763869790432,5.047806086569911,8.704405357734288,83.64939664046096
4.0,4.7347325072348525,4.297171528572535,6.848133723036902,57.36804243103061
9.544684552435058,3.050941390658717,8.126826717664215,6.078894096481479,59.784490819215634
7.316526200803928,7.214161338573946,3.363142668115997,3.128180952262945,59.605082677744484
6.854930332194411,4.759237672092803,8.064735449356231,3.3683683671449858,47.71688491445163
6.182621369786576,1.0,5.999728247480743,6.562018500563613,51.3254762359222
7.598704171528106,6.694843354300843,2.201387650396117,1.7348087476903276,60.5827087623478
6.943547946362727,3.9293436280921545,5.735298585982843,8.025274819288143,63.86757662292734
8.654952823024782,4.818933435391679,1.0,5.683692311255359,73.39945598556444
7.17134147299306,5.663960661138029,6.251016033662071,10.0,81.41571867367264
7.225452642192816,5.380999359558133,6.770462965977982,10.0,75.5281401075552
6.454581681679216,6.418903634278079,3.815288088695893,5.637101861504966,65.93362037484047
6.914581564418399,4.129027258860313,5.247095391911165,5.78732599493737,58.49963964324371
7.461702653338088,6.026211596352166,8.908314867500572,7.99116302800406,66.25828034758851
4.434747411015062,4.4809066448321655,3.988506591476127,9.406345219836076,65.64355629712364
4.9777218668414305,6.477620961775006,2.882184825886799,2.7239418851279664,52.02317768294503
8.114896141034073,6.230734968026107,7.963326804925197,2.427249069290627,50.09415889027593
7.256298157191913,3.1291225959108093,8.92517438106159,4.755930388891237,46.67374525215229
6.724024995470981,7.1719642323500645,5.007391343695694,7.165475166347729,57.421655752074095
7.02765089959809,3.928073109771904,7.0229260708167125,6.993747181015194,58.830066479351984
7.521372558042507,6.61611559656229,7.682951831061763,8.1395429099677,65.71110353958059
6.190360479535958,5.734574626802681,3.515031534923232,3.6006049432693836,60.32499246891065
5.832542911896531,8.676367353590244,4.029388329264263,1.3677122740622467,52.89001055274828
7.293767882646522,4.553068035256295,7.4617490263094695,7.716028390604291,57.97870238315332
5.532440833577452,4.301366407763605,8.370028557417019,4.343607454069531,43.226889765237736
7.612379133571707,4.961160788224535,6.125761720348709,1.9630242712227242,46.374899120062
4.44612459364324,4.3936404343314495,3.240371292995891,6.2901274919187635,57.322813778369124
8.543733455988466,6.5998838038841,8.974122223398883,7.586351376437355,67.45693879599871
7.708896223619565,1.7673787831268242,3.938058204376071,5.755885735757445,61.43017250332679
7.384044601470814,2.892635161707292,4.329724437657097,5.084303227635021,54.738507954029885
8.474036475918272,2.864394156841614,5.684675668979243,5.6812755357081866,59.75148107105268
9.498211666693866,6.900615183947151,8.10832084142955,5.258834475198435,60.5839891166623
8.521555097527196,8.42122674516385,6.707951953104447,3.3039057761196657,63.909085990577495
4.238688653002532,4.791101562925057,5.829731000723821,4.570638646019137,46.9508903959261
5.080634549896448,4.662356553619979,5.9265770602362124,7.042559810027629,56.91140574722511
6.062772133456482,5.140104326226362,5.087029337286932,6.643357082753,60.250338635570735
7.039136575316251,7.323756605216381,6.116279029037012,6.336119611933641,66.23277312799337
7.776488530703684,3.145293731618852,1.0,4.009703036293241,67.23413460094405
5.911384280269802,5.47673796546957,4.406785081860403,5.636993675728665,57.91795826585066
7.280150146715617,6.95039525956486,5.482643869833562,1.6458699071142906,52.501729589107896
5.866925601470016,6.002188339879691,2.697971832760986,6.356953327770779,61.693000564634325
6.082723295512078,5.379163233197486,5.77264663562312,8.857715415627135,63.193974287941536
4.890008354727667,7.002092185134282,4.591057558027757,3.0517357359157886,50.52319374617856
5.615150130833643,1.0,8.510951396630979,4.82814465336449,40.2870907557493
4.9724730915755,6.3557506390618155,8.146039450429713,6.658213557420259,52.29022674722056
5.536190120534001,3.6918486337451526,4.068388861763674,8.505685268854968,62.47223454068762
8.580462694911759,1.3387342062870862,4.698324576866609,5.103550767399701,56.029464205639925
5.5759016667520855,6.022405199049961,4.852104868783215,4.615499341468207,53.30891451772017
10.0,7.747317090325915,4.096681047680755,2.0621537151678337,67.806581927949
7.739976851321334,4.725102970744616,5.390049968056253,6.206876258616213,58.3675091459961
7.2772541855423105,6.905749094405878,3.4834358622248196,10.0,86.29648748674252
5.7124633297281795,8.22455651597729,2.7387693301249474,6.554716923929352,67.35902913349027
8.050464819113486,7.629828907168095,6.245422447800538,5.9554420416325735,69.90536396807343
6.136543260643339,8.279929058742786,6.259059168443621,6.644164621533971,60.33811687249032
7.183014721968042,6.484254982143785,3.3913684806800153,5.977815992102796,70.33875341248962
10.0,5.150867277803186,6.790710861525199,4.3739712554797405,65.29808377443801
6.855910150413025,1.796068376205663,3.7368445416693374,7.646559831355411,63.10048081463217
8.723909989428513,4.507875023740103,5.506330476075963,6.4515230462235085,63.13399800346668
5.945235362311169,3.3135068093676168,6.640688025224912,6.035226503867315,51.90846970304584
6.947517264254557,9.341885434995628,4.932774870592574,4.0492679454435,60.33127650803149
9.656200953453265,4.648228375135327,5.909481824282269,8.607015863869519,74.53187440302143
6.059549413318349,5.2464096135689715,3.9671407122248565,7.32940549066622,68.07773286717742
9.718672836995394,6.102970752080935,4.607066833143806,4.894158325265396,72.86109851922212
8.061627903183213,5.087204892744907,4.588281138239319,8.003649707363873,71.93545781257278
6.156299836158599,8.390102080861507,3.506843306919522,5.004858323229586,62.11924653767108
7.948611608583281,3.754701276531096,4.646451673768436,4.435993014977926,59.89269539918774
8.458831674440095,5.389214910474485,1.9027634022725066,4.480593765039426,68.67727799436747
7.932714943325795,3.5150588286039035,4.01769250571579,2.4578628938238176,46.683829404709684
4.644662920164315,2.3599549775585884,4.430249013260658,6.9430847608364115,54.2124001239664
5.9092942362626975,3.7764618181894294,4.48764049500924,2.3377102433232997,45.233547491628904
6.628722046672743,4.9259264059031755,4.517005108258442,3.5431123374684748,56.762057297770816
6.88834985634993,4.1413955509654805,4.876471600279742,1.8488239818429335,44.46154744801721
7.9310081463260165,3.615158040252288,5.958883036172128,5.8278606144182135,49.82456851349118
7.2665515013998805,2.1873650726563323,6.749034148265045,5.699359079456256,52.924938536162166
4.996983461934848,4.83378885474261,3.7004695463034656,5.346607573627272,55.764334658038706
7.570296776508945,1.9905592519379955,2.593598289221711,3.9148446106588475,51.05810564867322
7.915878617925735,6.520111927379205,2.915911175513794,3.65553249312672,61.40260281231257
7.83968567189656,5.164879505869006,4.025594157610145,6.928739727093149,78.72972595556217
8.621171088331932,2.084897001070139,4.296157364366982,4.898896136583025,58.10967906349126
8.250883231823355,4.381581845900273,3.4600078676050856,6.632716643072289,71.77497700420186
7.688770118842655,3.4956871888188337,2.407766671500211,4.229502627751555,58.52554544525587
6.894751432812029,5.638349020838361,4.087758345051624,6.3621254855421645,58.35880404732614
4.508558599726013,7.680900892046289,5.362853240227943,8.606556074632127,64.92683015421146
7.644427328698879,1.2496550607085108,6.190058931671129,7.172331600785567,56.35907658521562
7.311531530744666,5.230052158294835,3.8851538937833574,5.1751723635670395,61.33572471543849
7.4073682557930605,4.679734408866719,4.174004355713132,6.514397940711855,64.87188932962687
5.084877136269536,6.342680152900932,3.1466033823053783,5.518669650939574,60.68920673059607
5.378415189387606,5.426393256475379,4.937121659250447,6.015760369389456,56.5263878305518
8.579729279999356,3.496061336522362,3.3031427316183706,5.348777895702993,60.92127227243775
6.940667269215018,4.361892128666764,6.1462556264824,5.671329588229217,57.956256025799945
8.022251046058937,3.407948286393022,1.4282670161317776,6.42418670614835,63.15261343063141
7.042477564195692,7.152014277197196,4.280740655095075,4.0132826008360984,54.977350090209725
7.044634209243617,5.0426232973438845,5.6022146783834845,3.9682423460200433,56.27333803246852
8.407425708963997,8.802381371506016,5.367669032645009,3.222914892337578,66.19965722491246
6.225932907673939,4.878678372370758,10.0,2.79945779099258,38.797180456690704
7.144181165411475,3.5831864661790744,5.699600049135815,3.5654346155590413,46.76943679640014
6.306587066942436,1.9725712147743457,2.9918908063159795,6.318925013608259,55.88927146956658
6.348255658851526,1.3937206474881099,4.809071505821854,4.214424969016232,46.35631964915239
6.536241814797041,1.8317281139890205,1.4475073330670964,7.0272289284621925,58.559657877654594
7.333200657450569,5.534253302022967,4.838800501406478,6.0694274975051234,61.67670263664849
6.281877067504784,6.017450046459867,3.3338878859984824,2.0629915731238926,54.207915801873284
8.883634188360281,1.8376185959357332,6.8307805511203235,7.30995116844338,65.94857856866113
5.658089046670744,6.790076628152231,3.90091945080893,7.62159729118342,66.0877393923684
6.719692533757962,4.033877896633121,4.7664681684095065,4.012274650330293,54.97420132152834
6.340403412588738,5.293586023971098,3.728884317191193,6.840383085789983,58.58508954932504
9.1704668265306,8.224441256510849,8.477702703706662,4.287003525181602,64.99743341082623
7.294832164767362,6.793678631731064,4.357514467764177,6.195340753496671,65.05009940877531
8.547766809202953,4.4629387041883355,8.665114086958404,3.4710031860900687,51.27728117412664
4.771659440444542,3.217615549169425,6.628303524236533,2.4137870949308464,35.87553007122167
7.4005753988038885,1.0,5.9641334546707725,5.234365620774063,53.773724183652895
8.334446193435156,3.56169336151516,5.737466294635039,5.752542107450328,58.03419913421172
7.123425983913136,4.577739522344611,5.787594596432503,5.204640612770792,58.725727619433485
8.598220562598026,3.0256409456976323,1.14465484130878,3.631938883554881,62.43362406600465
6.224067324849441,4.737486065815391,4.442233211698487,5.200201875737726,56.487322533791406
9.11402116027837,5.153703765917537,6.690315942368644,6.538589505161468,66.30741553422301
10.0,4.550288036383843,4.902205633051789,5.910213939754926,67.38505605966274
6.455742159340511,3.6999948383530805,2.18962030639285,6.365002061198426,63.59003646734788
6.331746217898842,5.337309343933455,4.895191098845061,4.659769599091534,55.79404695007842
9.180076715676552,5.883881299138818,8.408211032510982,8.34343582943232,71.43326354004306
9.36935821859607,2.819201845114308,7.4937834310694384,3.6476533268904388,53.04819004823578
6.2157099592700975,7.82186475949254,4.875991981267936,6.975120594173437,70.23081413903662
6.369719774356215,4.802823735431477,6.902898554116173,8.363782185919924,64.99217998430548
6.577323086709239,5.037699245889695,4.266985959263897,6.961816185497791,60.9708373562476
4.9833242334485846,6.4164288465131145,1.5922568263465622,5.59495154587034,65.7828362716573
5.622022080273703,5.466432262527003,3.1510680237408915,4.943405906674042,54.74872030441117
5.493788849871898,6.90627326782649,8.125777537016395,8.072175302092512,61.85636420022592
5.848303652343807,5.574248330403648,4.452013836341392,3.154050149476654,52.78752613387898
6.947972668919828,3.775125250719124,4.513232041249964,4.059751479240713,48.71549146817028
7.351322098804781,5.723007050412203,4.400323607450239,5.204884469016557,63.05621674689855
9.325750739221116,2.7125475853586765,8.808273179146013,8.475307515023996,62.813616459290394
5.5024689388918135,5.217119411553046,8.251917830724127,6.759535272081792,50.55689468755104
8.476483597714875,4.933540018711079,9.437560466896269,4.063908482979509,54.91292953123659
6.6790167336617365,4.583766285454921,4.681909579199897,5.379384589230193,56.30287819671637
6.925804435521351,4.742924977122138,5.59124897749419,4.771353711807411,53.4575299623855
8.012229238249905,1.2363019090047218,1.9667149011584177,4.58042201553293,59.21112502373313
5.315916967656552,3.902550184518077,7.953868852236549,7.957779117113558,55.32404752639976
7.573614619276076,5.185689802282229,2.66444089746413,3.2565137414729888,59.63206865940923
7.249678312319584,5.319712783994801,5.433551127525258,9.217561711468747,75.76566134564335
7.738676896012223,2.9446497181480837,2.805394944734312,7.656459380369245,70.87649764558958
7.433752965861727,7.531415681729401,3.822266346522608,8.181723341207396,68.38456031776076
10.0,3.2676503035709983,3.3254751379005993,5.074120975949484,66.62820940994152
6.043390023623026,6.938914401053474,3.7842494786483645,5.700118561841781,61.7689443435387
6.203504567497274,5.854388723743369,3.921754593702043,3.133696370950576,55.23765521464254
6.065289210362853,3.7075453803123937,3.903462410149846,4.950675185866394,47.501858183449926
6.166784321259618,8.550621785219024,6.666667823560614,6.987309695286302,73.60648970473846
6.0439193090402235,2.61272633648704,2.79027441387496,8.592126123562792,67.30858736347938
8.783524796661327,6.8383083472200035,5.441082854027734,3.7856863663950966,63.90208830777583
9.130756371984782,7.0011646360859565,7.435918304611117,5.268988126029468,69.2354613402652
6.143880559375786,3.6587595818467102,3.9736072709732078,5.697401559534955,63.6147416453085
5.751466640343657,7.784930600128657,3.564162218504796,3.2084215956150297,59.730362383659696
7.707123334579606,4.499906970802094,4.538950749639499,7.1826984835168,70.34655326411324
6.171665433578543,5.577387258559714,7.359450416721421,4.552019336514782,50.99521475402452
7.949397726633266,5.5206436775424415,5.388215261906716,5.609219297645952,63.140522424776734
7.304384531276949,4.731382517058904,3.9375714107848028,5.096101256176245,59.767372393030286
4.7263838275041525,6.621616546319564,5.96775330237608,4.421322988560651,48.247549876286804
9.321257801995092,6.586977441104426,2.7954157003271534,5.985910029038891,73.98004656013607
9.693816509643282,1.5029360535236385,6.362719020885896,5.568780842863955,55.29513373759212
6.080816964273421,7.608680485756305,5.817214615403535,5.256284235442669,59.39499707855465
6.418447660096024,1.6750160239286513,4.384383057722232,4.543076756639314,45.426897876659396
7.428798086087357,7.065092408683315,3.3228284031055377,6.639049341565911,72.85320453570559
7.501685184980538,7.253410273655167,3.2266381554330854,9.30723453698457,80.83376092716674
7.987816409009246,2.8180671395696035,6.06963467269182,6.279774465678255,59.395424766127434
10.0,4.17837142409083,7.457961004978124,7.992236429822258,68.90380049006674
6.734579158758926,2.7885906630281285,3.7253845059424107,3.2195561496930747,57.96177860715409
5.802554133192319,4.570157939422529,5.916773407102968,6.315522878587539,59.37597955279092
4.9310211579782095,4.383931431628517,1.0,3.805263362057867,51.22152029750193
5.9036049400871216,6.55932106453868,3.830764538685601,3.046150144936197,54.90618362048686
6.950309540689305,7.620617492239217,4.937882134258196,4.521257185081927,60.20917466879019
9.691836795276682,7.791367621579912,3.1806331660363325,8.383798668827145,82.28228378750298
6.223583051445743,3.875663946843396,3.1269872504208083,7.900031657339291,61.524324986097454
7.335681927458348,4.581556252510945,3.6644408870622276,6.4860094441088,67.16532636092376
6.975365655890872,1.6331236155580995,5.584385456652746,2.9345988802201384,42.64826004897135
8.782589910172126,3.3882598670076227,4.6253419631872505,5.607438697224127,66.7022732097208
10.0,6.929703266194915,1.0,6.603400017803471,89.22666041285531
6.203696840619519,8.231165647096464,1.0,6.351072459157196,79.29138530315674
6.265840836222667,2.531302256240156,3.786269644285649,2.3124128330385085,43.38221102136067
8.566241315603609,3.8150714816942113,5.915373172107104,4.219364303960257,58.36669559993942
8.022837234439468,4.947188486082146,1.0,5.871844471702567,74.53752744463507
9.770060988604051,5.560322317639214,4.000539647696739,7.072581819034379,75.08086655449314
7.875892277988946,3.3807929601567075,3.9475042869651578,1.6077443578001072,48.01556264524963
6.461061863819411,5.8481220889281795,7.776675556416896,5.675752049040283,59.109626222511395
7.885982246038464,4.052321305858168,4.229956376574273,6.286097539757905,65.52659864499441
8.663055370874362,4.9710954582434415,5.765977969481857,7.6992239770324264,72.6228799609574
8.230723271796046,6.092568496007399,5.282514280174927,7.385715168474873,68.28587329985109
7.760911046660946,5.0128445396218755,1.0,7.165142637617611,70.79467766442612
8.600012034383731,4.127228218946863,6.536414433263475,4.400118986596132,55.42437309228749
8.75394338566851,4.780780392148339,5.430793010912576,2.183995725753385,54.09423802361845
9.07323848655629,4.82327408158933,6.016537279349179,5.213894485877198,60.1204248561955
7.973064831384464,4.2599779402357445,10.0,8.00326365041712,59.07753493008386
6.749322879524718,4.482407874665795,1.0,8.786909055048863,69.42188526983945
7.220070529649984,8.197294341009433,8.449393299522217,7.4210982045955705,62.13958646680302
8.809763449762535,6.121838895882478,4.425104961199289,6.858681645603468,75.79546790704849
5.774596493519146,4.409039363941679,5.574657808806019,6.759279296771931,58.921953647233174
7.553009963309352,6.393908809021472,4.908975509397516,4.887762506478439,61.57916787545491
6.409991781508959,4.33236102048798,4.151527333203913,5.73987941289276,55.948189165076435
7.043117234402226,7.346249275173283,3.8603341435224827,9.338139051652663,74.43263096206347
8.917677793910947,5.739284384396187,5.659017471146019,4.114883988416247,61.06933976256094
7.286648602029855,4.7853957119915425,1.9656526066566418,9.229557581419703,80.1182668179759
7.069654822234223,5.895433851620555,6.501158335043531,5.3559436910158835,61.13339194361751
4.960215788530121,1.8582476958630014,4.167611190229492,8.650864218190158,56.43125539930207
8.119380349040831,2.7464650621803894,2.7398613219192844,3.1863699810049235,53.37040575594498
7.968226271711613,2.612149987201889,4.099974284008373,7.171808402329298,65.97236900294064
10.0,5.285886189527414,7.514298433725146,4.526459728104756,59.88415763357307
6.538332647570499,8.465029998970184,3.929329825967554,3.169465616151625,58.809783909831225
7.328725491495908,9.462600292385265,5.716907236419241,6.437068084821892,75.95175714841537
7.374075525566133,6.276102202881514,3.5380874485690534,8.018943577191937,77.17811691147178
9.366179919645212,6.001688949888914,6.515843699847239,4.310117122813008,63.62122939539113
6.857056701419572,1.397884531694522,6.371015477580408,3.0019680790831975,39.250778502487954
7.418532288655509,3.9146524005319563,8.697217666592824,5.81631047133009,53.16834421069203
7.911844764574809,3.424432496183522,4.648872109001569,5.825129342445638,64.66164668484065
7.279913684734537,3.7583048034977677,6.337309609515813,7.096639255108998,59.263905602894226
6.330349578174207,4.663712362830421,5.196135079077889,7.899189142728977,68.03947491035142
7.291134989347461,4.055818844605746,7.591743563726029,5.881169637455012,58.42244127963251
8.610447624789657,1.0414003792484245,3.5623352247825393,9.711006629588526,78.84801772534252
5.460227050883409,6.495820512235068,6.490010625754563,6.448469489070583,58.43624099009856
7.199454511220314,2.854513948520387,4.610605407766637,5.307146987986201,58.06410284534301
5.94981877759124,5.478493728222299,4.871623645783004,2.776865281794344,52.868486170817654
8.792569943387264,9.148165339499947,5.183504968896746,5.474680959367665,75.30972514318275
4.715219642824338,3.1612308168271532,5.504480792853355,5.327226109177728,45.83436182588577
6.161617229092617,1.0,4.767541913756084,7.920609592562941,55.49238182198985
7.565817812596781,4.427991556239778,5.429426366341053,6.924967248133708,64.75469840250037
9.34828604385151,7.201919269997142,8.156236115124369,3.6412617567347656,56.29305707381913
6.901374608390518,8.916694908441187,6.970899371230437,6.344508772822075,65.45744855939017
6.167200709960202,2.5409008110951663,6.738309184993793,7.343062343458107,57.162893933795935
9.821735604160885,5.993398446473043,4.088920947952259,9.056062718775665,74.54408277646962
4.8279791493756345,4.069379086439893,3.2215183435433516,7.7750079348281185,65.80292677982426
4.0,4.788103291391729,6.9106011164755055,7.521693308622956,54.552140820649065
7.6600216750799985,10.0,6.752093585059589,6.120171989230327,68.77159892186337
6.246918663471083,1.9940593432096936,7.945341351501964,6.776624010846899,50.588480200072866
5.46815077430393,5.5074793229891466,3.792038748061541,8.499009801412317,67.16564909435137
8.06253467094903,5.935386343530866,4.540902689279306,3.3344452050407005,63.33693599628285
7.365701070656798,7.171572649878694,1.7210316749491317,5.301121345566088,74.86283827210002
6.1538820538949075,5.1959663069417905,4.215057787878254,4.454862502487519,51.93039313766277
5.079543401993659,5.616101079008205,6.993141021158895,6.758306237452248,56.051549905894234
8.308685992420218,4.216702865156417,4.067009241543604,8.460444351301575,72.62192930790829
7.975301766937991,5.538253882490214,6.280959590401648,4.806051426557852,59.76357973192739
6.851236204330926,4.313615449005179,4.618993788004377,1.219391265061124,44.214267439738
9.7699554940715,6.243143779712102,5.648114056443121,5.17555850995106,75.3390844572364
5.394872850510771,4.260779327912732,2.7046172203686654,7.826947464034813,67.93423167089438
4.711712243612892,5.754200787804373,5.170418899267802,7.075259805899759,55.95005055635975
5.962137895178134,4.941474372630044,1.0,6.8563724956211525,63.766438394250834
6.931620975466753,7.252100501544336,4.62620768367603,5.44001339625104,63.43001722093979
7.3650091739840375,4.897212552823028,1.7390535125697197,3.4419385275604273,62.52157210731949
6.638145913215505,1.4539350635862371,7.411989033093632,7.030588643248935,51.91897278585488
7.528083094771445,7.523843001427983,6.554814705529022,4.33143637993075,63.78700209368841
5.122690863714334,3.1885353982747624,5.933341963932162,10.0,64.0184237931873
9.165646906109888,3.6924673227023606,8.04201245431876,7.141014416709032,66.34363712493362
6.876773232411146,3.808677411913016,3.1021669583503257,4.838703394892098,59.81350847163309
8.675943747382192,7.748876186341635,8.494726395831115,4.777229505222744,57.46965996121617
7.5140880195665565,1.0,6.864383128520769,5.814111586772824,50.26384052444401
7.685129828730676,10.0,4.526889425562108,5.5209961559565,77.0023315426922
7.8546509203483055,7.112113618132104,7.271240294365889,8.23366755105991,70.3831334712166
7.671562840025972,5.4464778282583195,2.7874129751767316,6.372832339488093,71.76953303352995
7.964084139801316,4.890211998767427,3.3509716769446527,4.536736522182943,62.22782469953774
8.993728795198647,5.571108149715314,3.782820553520599,9.780881370311565,78.62983192196765
7.294781754552205,6.042244856758677,3.9420445838719695,6.0986166630404455,66.40014536636133
8.063505636382768,6.290431171900114,2.8868847144794945,7.537679351937793,77.47747564727207
6.86539645856916,6.111208932006897,7.4461661341906495,4.7835469851104815,52.776488887854
9.16017582317421,5.179161362510498,4.482291199260336,6.726231255489047,71.25653958622836
5.985411546911095,4.605323159385348,5.7050099367137594,6.62221998228639,54.912127642950786
9.701410649366224,4.697453432692977,3.859297267172639,2.220701415807694,64.07204260646505
6.939763074033485,4.610183439294638,1.3587933989029657,10.0,78.4628696829281
4.853837346822928,7.2675401937341295,5.540114716782844,8.581288921845093,70.12710089463776
7.192156622366184,6.1871134445617235,1.1754900491604463,5.205609367708025,74.93503761764404
5.978422513787679,1.0,4.862731907829063,3.795460519088289,43.412357188979804
8.260965323483086,6.311801553059522,2.263369922334379,6.6951232276071035,71.90085843367027
6.021064031046413,5.389472389437549,8.974551998461616,6.173395398828793,46.057371897523225
6.33072485017783,4.962582487108206,6.822725444349444,6.711337897126459,53.28284913498916
4.165688903581703,4.222963093822228,5.211507582542961,6.383154792388179,47.550741805005714
6.321540521126385,7.2482254399720265,7.527413355309337,7.012481978611852,65.79317221116467
4.0,6.895052924245716,3.3073680450685283,8.894611398783614,67.58166468284446
4.624145764771415,3.4542446643527818,6.086958757340186,7.136206410257293,52.56135248301311
8.140621984216446,5.81410457424907,5.399620867437427,3.9006890021801177,53.042210074180076
8.178700237976248,3.0566865309174283,5.52804016266734,8.725125705424905,64.39226821254346
7.6381863426774474,2.240763670422139,7.544707000213536,9.281229126976575,65.47725825814253
5.549535785306181,3.74656555082007,6.464984205559604,10.0,63.96583724597938
6.92843296578703,6.724786944765517,5.577447325650047,3.753011933520804,56.23154374182512
6.994596191364147,6.906250090752174,1.6902251275434077,6.48576402630055,75.27211735859522
5.262452966211185,6.026170840194586,3.0799074094410726,1.8358025936220255,52.94435990928735
9.255097452650727,6.450191573695994,4.754582132808552,7.106298312758418,74.72533538682737
8.316043435863508,6.032356574229917,5.186744748553302,4.903599403666455,64.3445737508852
6.668553739255504,3.7170368095540955,2.7395925506521523,9.846891589649907,74.43402724223584
7.040328758491796,5.8638450893478815,9.823353351156843,4.450770059962836,54.74989056828659
7.312574211921329,6.600819050455365,8.032788110507145,2.6216339240654767,44.19329812871628
4.0,6.508582659627148,6.204236640784967,5.0574725185949605,50.79224881510872
6.629233926219104,7.377826742949286,5.144073722567489,2.049024457565725,52.40945287907058
5.977023628003302,6.416607694402128,4.575582060197696,7.50219890901462,67.98558240970304
5.497569985157627,5.702896415083166,3.096163079955529,1.869833907487359,47.532767733557186
6.578349560671068,7.140300476632855,5.154961037037725,6.056915162366318,63.91239857976106
9.696529790274283,4.9469574815018795,5.515505080285501,1.8443763602876064,58.73528199377253
7.961264291900514,3.2362506975445644,2.5164788490367513,5.359404390926716,74.02522505138819
6.143231515325805,4.673866072112472,5.668352834489795,9.286756311609068,69.02934269583959
7.858874172034238,3.510194710387102,4.6894819023505026,6.72129578287159,61.28768413330354
